{"assets/images/Animation - 1699454344848.json":["assets/images/Animation - 1699454344848.json"],"assets/images/Group.png":["assets/images/Group.png"],"assets/images/about.svg":["assets/images/about.svg"],"assets/images/account.svg":["assets/images/account.svg"],"assets/images/add_to_favorite.png":["assets/images/add_to_favorite.png"],"assets/images/add_to_favorite.svg":["assets/images/add_to_favorite.svg"],"assets/images/all_seasons_svg.svg":["assets/images/all_seasons_svg.svg"],"assets/images/bg-1.jpg":["assets/images/bg-1.jpg"],"assets/images/bg-full.png":["assets/images/bg-full.png"],"assets/images/bg.jpg":["assets/images/bg.jpg"],"assets/images/cart-test.jpg":["assets/images/cart-test.jpg"],"assets/images/cert.svg":["assets/images/cert.svg"],"assets/images/contact.svg":["assets/images/contact.svg"],"assets/images/empty-cart.png":["assets/images/empty-cart.png"],"assets/images/enw-main.svg":["assets/images/enw-main.svg"],"assets/images/favorates.svg":["assets/images/favorates.svg"],"assets/images/home-gray.svg":["assets/images/home-gray.svg"],"assets/images/home-main.svg":["assets/images/home-main.svg"],"assets/images/home.svg":["assets/images/home.svg"],"assets/images/icon.png":["assets/images/icon.png"],"assets/images/icons.rar":["assets/images/icons.rar"],"assets/images/in_favorite.png":["assets/images/in_favorite.png"],"assets/images/in_favorite.svg":["assets/images/in_favorite.svg"],"assets/images/latest-tab-on.svg":["assets/images/latest-tab-on.svg"],"assets/images/latest-tab.svg":["assets/images/latest-tab.svg"],"assets/images/logo-facebook.svg":["assets/images/logo-facebook.svg"],"assets/images/logo-old.svg":["assets/images/logo-old.svg"],"assets/images/logo-twitter.svg":["assets/images/logo-twitter.svg"],"assets/images/logo-white.png":["assets/images/logo-white.png"],"assets/images/logo-white.svg":["assets/images/logo-white.svg"],"assets/images/logo.jpg":["assets/images/logo.jpg"],"assets/images/logo.svg":["assets/images/logo.svg"],"assets/images/logo_well.png":["assets/images/logo_well.png"],"assets/images/logout.svg":["assets/images/logout.svg"],"assets/images/messenger.svg":["assets/images/messenger.svg"],"assets/images/new-gray.svg":["assets/images/new-gray.svg"],"assets/images/new-tab.svg":["assets/images/new-tab.svg"],"assets/images/offers-icon.svg":["assets/images/offers-icon.svg"],"assets/images/offers.svg":["assets/images/offers.svg"],"assets/images/offers_grey.png":["assets/images/offers_grey.png"],"assets/images/offers_orange.png":["assets/images/offers_orange.png"],"assets/images/orders.svg":["assets/images/orders.svg"],"assets/images/partly-sunny-outline-1.svg":["assets/images/partly-sunny-outline-1.svg"],"assets/images/partly-sunny-outline-w-1.svg":["assets/images/partly-sunny-outline-w-1.svg"],"assets/images/partly-sunny-outline-w.svg":["assets/images/partly-sunny-outline-w.svg"],"assets/images/partly-sunny-outline.svg":["assets/images/partly-sunny-outline.svg"],"assets/images/products.svg":["assets/images/products.svg"],"assets/images/question.png":["assets/images/question.png"],"assets/images/search.svg":["assets/images/search.svg"],"assets/images/splash.png":["assets/images/splash.png"],"assets/images/summer_svg.svg":["assets/images/summer_svg.svg"],"assets/images/sunny-outline-w.svg":["assets/images/sunny-outline-w.svg"],"assets/images/sunny-outline.svg":["assets/images/sunny-outline.svg"],"assets/images/tabs.svg":["assets/images/tabs.svg"],"packages/cupertino_icons/assets/CupertinoIcons.ttf":["packages/cupertino_icons/assets/CupertinoIcons.ttf"],"packages/fluttertoast/assets/toastify.css":["packages/fluttertoast/assets/toastify.css"],"packages/fluttertoast/assets/toastify.js":["packages/fluttertoast/assets/toastify.js"],"packages/font_awesome_flutter/lib/fonts/fa-brands-400.ttf":["packages/font_awesome_flutter/lib/fonts/fa-brands-400.ttf"],"packages/font_awesome_flutter/lib/fonts/fa-regular-400.ttf":["packages/font_awesome_flutter/lib/fonts/fa-regular-400.ttf"],"packages/font_awesome_flutter/lib/fonts/fa-solid-900.ttf":["packages/font_awesome_flutter/lib/fonts/fa-solid-900.ttf"]}